{
  "version": 1,
  "author": "JG",
  "editor": "wokwi",
  "parts": [
    { "type": "wokwi-arduino-mega", "id": "mega", "top": 19.8, "left": -90, "attrs": {} },
    {
      "type": "wokwi-slide-potentiometer",
      "id": "pot1",
      "top": 235.4,
      "left": 75.8,
      "attrs": { "travelLength": "30" }
    },
    {
      "type": "wokwi-resistor",
      "id": "r1",
      "top": -24.85,
      "left": 134.4,
      "attrs": { "value": "220" }
    },
    { "type": "wokwi-led", "id": "led1", "top": -61.2, "left": 71, "attrs": { "color": "red" } },
    {
      "type": "wokwi-led",
      "id": "led2",
      "top": -109.2,
      "left": 61.4,
      "attrs": { "color": "red" }
    }
  ],
  "connections": [
    [ "pot1:VCC", "mega:5V", "red", [ "h0" ] ],
    [ "pot1:GND", "mega:GND.5", "black", [ "v0" ] ],
    [ "r1:2", "mega:5V.1", "green", [ "v0", "h75.6" ] ],
    [ "r1:1", "led1:A", "green", [ "v0" ] ],
    [ "mega:9", "led1:C", "green", [ "v0" ] ],
    [ "mega:10", "led2:C", "green", [ "v0" ] ],
    [ "led2:A", "r1:1", "green", [ "v0", "h38.4" ] ],
    [ "pot1:SIG", "mega:A9", "green", [ "h-28.8", "v-68", "h163.2" ] ]
  ],
  "serialMonitor": { "display": "terminal", "newline": "lf" },
  "dependencies": {}
}